-- phpMyAdmin SQL Dump
-- version 5.2.1
-- https://www.phpmyadmin.net/
--
-- Máy chủ: 127.0.0.1
-- Thời gian đã tạo: Th7 01, 2024 lúc 03:51 PM
-- Phiên bản máy phục vụ: 10.4.32-MariaDB
-- Phiên bản PHP: 8.0.30

SET SQL_MODE = "NO_AUTO_VALUE_ON_ZERO";
START TRANSACTION;
SET time_zone = "+00:00";


/*!40101 SET @OLD_CHARACTER_SET_CLIENT=@@CHARACTER_SET_CLIENT */;
/*!40101 SET @OLD_CHARACTER_SET_RESULTS=@@CHARACTER_SET_RESULTS */;
/*!40101 SET @OLD_COLLATION_CONNECTION=@@COLLATION_CONNECTION */;
/*!40101 SET NAMES utf8mb4 */;

--
-- Cơ sở dữ liệu: `nghiencuukhoahoc`
--

-- --------------------------------------------------------

--
-- Cấu trúc bảng cho bảng `bangphancong`
--

CREATE TABLE `bangphancong` (
  `MAPHANCONG` int(11) NOT NULL,
  `MAGV` varchar(255) NOT NULL,
  `THOIGIANLAP` date DEFAULT NULL
) ENGINE=InnoDB DEFAULT CHARSET=utf8mb4 COLLATE=utf8mb4_general_ci;

-- --------------------------------------------------------

--
-- Cấu trúc bảng cho bảng `bao_cao_ket_thuc_mon`
--

CREATE TABLE `bao_cao_ket_thuc_mon` (
  `MADANHGIAKETTHUC` int(11) NOT NULL,
  `MACHITIETPHANCONG` int(11) NOT NULL,
  `LANDANHGIA` int(11) DEFAULT NULL,
  `NGAYDANHGIA` date DEFAULT NULL,
  `NGAYBAOCAOKETTHUC` date DEFAULT NULL,
  `TRANGTHAI` text DEFAULT NULL
) ENGINE=InnoDB DEFAULT CHARSET=utf8mb4 COLLATE=utf8mb4_general_ci;

-- --------------------------------------------------------

--
-- Cấu trúc bảng cho bảng `bomon`
--

CREATE TABLE `bomon` (
  `MABOMON` int(11) NOT NULL,
  `MAKHOA` int(11) NOT NULL,
  `TENBOMON` text DEFAULT NULL
) ENGINE=InnoDB DEFAULT CHARSET=utf8mb4 COLLATE=utf8mb4_general_ci;

--
-- Đang đổ dữ liệu cho bảng `bomon`
--

INSERT INTO `bomon` (`MABOMON`, `MAKHOA`, `TENBOMON`) VALUES
(1, 1, 'Bộ Môn Khoa Học Máy Tính'),
(2, 1, 'Bộ Môn Công Nghệ Phần Mềm'),
(3, 2, 'Bộ Môn Quản Trị Kinh Doanh'),
(4, 2, 'Bộ Môn Kế Toán'),
(5, 3, 'Bộ Môn Kỹ Thuật Điện'),
(6, 3, 'Bộ Môn Kỹ Thuật Cơ Khí'),
(7, 4, 'Bộ Môn Dược Học'),
(8, 4, 'Bộ Môn Y Học Cơ Sở');

-- --------------------------------------------------------

--
-- Cấu trúc bảng cho bảng `chitietphancong`
--

CREATE TABLE `chitietphancong` (
  `MACHITIETPHANCONG` int(11) NOT NULL,
  `MAMONHOC` int(11) NOT NULL,
  `MAPHANCONG` int(11) NOT NULL,
  `MALOP` varchar(255) NOT NULL,
  `MAHKNK` int(11) NOT NULL,
  `THOIGIANBATDAUPHANCONG` date DEFAULT NULL,
  `THOIGIANKETTHUCPHANCONG` date DEFAULT NULL
) ENGINE=InnoDB DEFAULT CHARSET=utf8mb4 COLLATE=utf8mb4_general_ci;

-- --------------------------------------------------------

--
-- Cấu trúc bảng cho bảng `chon_khung`
--

CREATE TABLE `chon_khung` (
  `MAGV` varchar(255) NOT NULL,
  `MANAMHOC` int(11) NOT NULL,
  `MAKHUNG` int(11) NOT NULL
) ENGINE=InnoDB DEFAULT CHARSET=utf8mb4 COLLATE=utf8mb4_general_ci;

-- --------------------------------------------------------

--
-- Cấu trúc bảng cho bảng `chucdanh`
--

CREATE TABLE `chucdanh` (
  `MACHUCDANH` int(11) NOT NULL,
  `TENCHUCDANH` text DEFAULT NULL
) ENGINE=InnoDB DEFAULT CHARSET=utf8mb4 COLLATE=utf8mb4_general_ci;

-- --------------------------------------------------------

--
-- Cấu trúc bảng cho bảng `chucvu`
--

CREATE TABLE `chucvu` (
  `MACHUCVU` int(11) NOT NULL,
  `TENCHUCVU` text DEFAULT NULL
) ENGINE=InnoDB DEFAULT CHARSET=utf8mb4 COLLATE=utf8mb4_general_ci;

--
-- Đang đổ dữ liệu cho bảng `chucvu`
--

INSERT INTO `chucvu` (`MACHUCVU`, `TENCHUCVU`) VALUES
(0, 'Trưởng Khoa'),
(1, 'Phó Trưởng Khoa'),
(2, 'Trưởng Bộ Môn'),
(3, 'Phó Trưởng Bộ Môn'),
(4, 'Giảng Viên Chính'),
(5, 'Giảng Viên');

-- --------------------------------------------------------

--
-- Cấu trúc bảng cho bảng `chuongtrinhdaotao`
--

CREATE TABLE `chuongtrinhdaotao` (
  `MACHUONGTRINH` int(11) NOT NULL,
  `MABOMON` int(11) NOT NULL,
  `TENCHUONGTRINH` text DEFAULT NULL
) ENGINE=InnoDB DEFAULT CHARSET=utf8mb4 COLLATE=utf8mb4_general_ci;

-- --------------------------------------------------------

--
-- Cấu trúc bảng cho bảng `co_chuc_danh`
--

CREATE TABLE `co_chuc_danh` (
  `MACHUCDANH` int(11) NOT NULL,
  `MAGV` varchar(255) NOT NULL,
  `THOIGIANNHAN` date DEFAULT NULL,
  `TRANGTHAI` text DEFAULT NULL
) ENGINE=InnoDB DEFAULT CHARSET=utf8mb4 COLLATE=utf8mb4_general_ci;

-- --------------------------------------------------------

--
-- Cấu trúc bảng cho bảng `dang_ky_thuc_hien_quy_doi`
--

CREATE TABLE `dang_ky_thuc_hien_quy_doi` (
  `MADANHMUC` int(11) NOT NULL,
  `MAGV` varchar(255) NOT NULL,
  `MANAMHOC` int(11) NOT NULL,
  `SOGIOQUYDOI` int(11) DEFAULT NULL,
  `TRANGTHAI` text DEFAULT NULL
) ENGINE=InnoDB DEFAULT CHARSET=utf8mb4 COLLATE=utf8mb4_general_ci;

-- --------------------------------------------------------

--
-- Cấu trúc bảng cho bảng `danhmucquydoispkhcn`
--

CREATE TABLE `danhmucquydoispkhcn` (
  `MADANHMUC` int(11) NOT NULL,
  `GIOQUYDOI` int(11) DEFAULT NULL,
  `NOIDUNGDANHMUC` text DEFAULT NULL
) ENGINE=InnoDB DEFAULT CHARSET=utf8mb4 COLLATE=utf8mb4_general_ci;

-- --------------------------------------------------------

--
-- Cấu trúc bảng cho bảng `giangvien`
--

CREATE TABLE `giangvien` (
  `MAGV` varchar(255) NOT NULL,
  `MABOMON` int(11) NOT NULL,
  `TENGV` varchar(100) DEFAULT NULL,
  `EMAIL` text DEFAULT NULL,
  `DIENTHOAI` varchar(50) DEFAULT NULL,
  `DIACHI` text DEFAULT NULL
) ENGINE=InnoDB DEFAULT CHARSET=utf8mb4 COLLATE=utf8mb4_general_ci;

--
-- Đang đổ dữ liệu cho bảng `giangvien`
--

INSERT INTO `giangvien` (`MAGV`, `MABOMON`, `TENGV`, `EMAIL`, `DIENTHOAI`, `DIACHI`) VALUES
('GV001', 1, 'Nguyễn Văn A', 'nguyenvana@example.com', '0123456789', '123 Đường ABC, Quận 1, TP.HCM'),
('GV002', 2, 'Trần Thị B', 'tranthib@example.com', '0987654321', '456 Đường DEF, Quận 2, TP.HCM'),
('GV003', 3, 'Lê Văn C', 'levanc@example.com', '0912345678', '789 Đường GHI, Quận 3, TP.HCM'),
('GV004', 4, 'Phạm Thị D', 'phamthid@example.com', '0923456789', '123 Đường JKL, Quận 4, TP.HCM'),
('GV005', 5, 'Hoàng Văn E', 'hoangvane@example.com', '0934567890', '456 Đường MNO, Quận 5, TP.HCM'),
('GV006', 6, 'Đặng Thị F', 'dangthif@example.com', '0945678901', '789 Đường PQR, Quận 6, TP.HCM'),
('GV007', 7, 'Ngô Văn G', 'ngovang@example.com', '0956789012', '123 Đường STU, Quận 7, TP.HCM'),
('GV008', 8, 'Vũ Thị H', 'vuthih@example.com', '0967890123', '456 Đường VWX, Quận 8, TP.HCM');

-- --------------------------------------------------------

--
-- Cấu trúc bảng cho bảng `giu_chuc_vu`
--

CREATE TABLE `giu_chuc_vu` (
  `MAGV` varchar(255) NOT NULL,
  `MACHUCVU` int(11) NOT NULL,
  `SOQUYETDINH` varchar(255) DEFAULT NULL,
  `TUNGAY` date DEFAULT NULL
) ENGINE=InnoDB DEFAULT CHARSET=utf8mb4 COLLATE=utf8mb4_general_ci;

-- --------------------------------------------------------

--
-- Cấu trúc bảng cho bảng `hinhthucdanhgia`
--

CREATE TABLE `hinhthucdanhgia` (
  `MADANHGIAKETTHUC` int(11) NOT NULL,
  `TENDANHGIA` text DEFAULT NULL
) ENGINE=InnoDB DEFAULT CHARSET=utf8mb4 COLLATE=utf8mb4_general_ci;

-- --------------------------------------------------------

--
-- Cấu trúc bảng cho bảng `hockynienkhoa`
--

CREATE TABLE `hockynienkhoa` (
  `MAHKNK` int(11) NOT NULL,
  `TENHKNK` text DEFAULT NULL,
  `NGAYBATDAUNIENKHOA` date DEFAULT NULL,
  `NGAYKETTHUCNIENKHOA` date DEFAULT NULL
) ENGINE=InnoDB DEFAULT CHARSET=utf8mb4 COLLATE=utf8mb4_general_ci;

-- --------------------------------------------------------

--
-- Cấu trúc bảng cho bảng `khoa`
--

CREATE TABLE `khoa` (
  `MAKHOA` int(11) NOT NULL,
  `TENKHOA` text DEFAULT NULL
) ENGINE=InnoDB DEFAULT CHARSET=utf8mb4 COLLATE=utf8mb4_general_ci;

--
-- Đang đổ dữ liệu cho bảng `khoa`
--

INSERT INTO `khoa` (`MAKHOA`, `TENKHOA`) VALUES
(1, 'Khoa Công Nghệ Thông Tin'),
(2, 'Khoa Kinh Tế'),
(3, 'Khoa Kỹ Thuật'),
(4, 'Khoa Y Dược');

-- --------------------------------------------------------

--
-- Cấu trúc bảng cho bảng `khunggiochuan`
--

CREATE TABLE `khunggiochuan` (
  `MAKHUNG` int(11) NOT NULL,
  `MACHUCDANH` int(11) NOT NULL,
  `TENKHUNGCHUAN` text DEFAULT NULL,
  `GIOGIANGDAY` int(11) DEFAULT NULL,
  `GIONGHIENCUUKHOAHOC` int(11) DEFAULT NULL,
  `GIOPHUCVUCONGDONG` int(11) DEFAULT NULL
) ENGINE=InnoDB DEFAULT CHARSET=utf8mb4 COLLATE=utf8mb4_general_ci;

-- --------------------------------------------------------

--
-- Cấu trúc bảng cho bảng `lop`
--

CREATE TABLE `lop` (
  `MALOP` varchar(255) NOT NULL,
  `MACHUONGTRINH` int(11) NOT NULL,
  `TENLOP` text DEFAULT NULL,
  `NAMTUYENSINH` int(11) DEFAULT NULL,
  `SISO` int(11) DEFAULT NULL
) ENGINE=InnoDB DEFAULT CHARSET=utf8mb4 COLLATE=utf8mb4_general_ci;

-- --------------------------------------------------------

--
-- Cấu trúc bảng cho bảng `monhoc`
--

CREATE TABLE `monhoc` (
  `MAMONHOC` int(11) NOT NULL,
  `TENMONHOC` text DEFAULT NULL,
  `SOTINCHILYTHUYET` int(11) DEFAULT NULL,
  `SOTINCHITHUCHANH` int(11) DEFAULT NULL
) ENGINE=InnoDB DEFAULT CHARSET=utf8mb4 COLLATE=utf8mb4_general_ci;

-- --------------------------------------------------------

--
-- Cấu trúc bảng cho bảng `namhoc`
--

CREATE TABLE `namhoc` (
  `MANAMHOC` int(11) NOT NULL,
  `TENNAMHOC` text DEFAULT NULL
) ENGINE=InnoDB DEFAULT CHARSET=utf8mb4 COLLATE=utf8mb4_general_ci;

-- --------------------------------------------------------

--
-- Cấu trúc bảng cho bảng `taikhoan`
--

CREATE TABLE `taikhoan` (
  `TENDANGNHAP` varchar(255) NOT NULL,
  `MAGV` varchar(255) NOT NULL,
  `MATKHAU` text DEFAULT NULL,
  `PHANQUYEN` text DEFAULT NULL,
  `TRANGTHAITAIKHOAN` varchar(255) DEFAULT NULL
) ENGINE=InnoDB DEFAULT CHARSET=utf8mb4 COLLATE=utf8mb4_general_ci;

-- --------------------------------------------------------

--
-- Cấu trúc bảng cho bảng `thuoc`
--

CREATE TABLE `thuoc` (
  `MACHUONGTRINH` int(11) NOT NULL,
  `MAMONHOC` int(11) NOT NULL,
  `SOTHUTUHOCKI` int(11) DEFAULT NULL
) ENGINE=InnoDB DEFAULT CHARSET=utf8mb4 COLLATE=utf8mb4_general_ci;

--
-- Chỉ mục cho các bảng đã đổ
--

--
-- Chỉ mục cho bảng `bangphancong`
--
ALTER TABLE `bangphancong`
  ADD PRIMARY KEY (`MAPHANCONG`),
  ADD KEY `FK__UOC_PHAN_CONG` (`MAGV`);

--
-- Chỉ mục cho bảng `bao_cao_ket_thuc_mon`
--
ALTER TABLE `bao_cao_ket_thuc_mon`
  ADD PRIMARY KEY (`MADANHGIAKETTHUC`,`MACHITIETPHANCONG`),
  ADD KEY `FK_BAO_CAO_KET_THUC_MON2` (`MACHITIETPHANCONG`);

--
-- Chỉ mục cho bảng `bomon`
--
ALTER TABLE `bomon`
  ADD PRIMARY KEY (`MABOMON`),
  ADD KEY `FK_THUOC_KHOA` (`MAKHOA`);

--
-- Chỉ mục cho bảng `chitietphancong`
--
ALTER TABLE `chitietphancong`
  ADD PRIMARY KEY (`MACHITIETPHANCONG`),
  ADD KEY `FK_CO` (`MAPHANCONG`),
  ADD KEY `FK_PHAN_CONG_DAY` (`MALOP`),
  ADD KEY `FK_PHAN_CONG_HOC_KY_NIEN_KHOA` (`MAHKNK`),
  ADD KEY `FK_PHAN_CONG_MON_HOC` (`MAMONHOC`);

--
-- Chỉ mục cho bảng `chon_khung`
--
ALTER TABLE `chon_khung`
  ADD PRIMARY KEY (`MAGV`,`MANAMHOC`,`MAKHUNG`),
  ADD KEY `FK_CHON_KHUNG2` (`MANAMHOC`),
  ADD KEY `FK_CHON_KHUNG3` (`MAKHUNG`);

--
-- Chỉ mục cho bảng `chucdanh`
--
ALTER TABLE `chucdanh`
  ADD PRIMARY KEY (`MACHUCDANH`);

--
-- Chỉ mục cho bảng `chucvu`
--
ALTER TABLE `chucvu`
  ADD PRIMARY KEY (`MACHUCVU`);

--
-- Chỉ mục cho bảng `chuongtrinhdaotao`
--
ALTER TABLE `chuongtrinhdaotao`
  ADD PRIMARY KEY (`MACHUONGTRINH`),
  ADD KEY `FK_THUOC_CHUONG_TRINH__AO_TAO` (`MABOMON`);

--
-- Chỉ mục cho bảng `co_chuc_danh`
--
ALTER TABLE `co_chuc_danh`
  ADD PRIMARY KEY (`MACHUCDANH`,`MAGV`),
  ADD KEY `FK_CO_CHUC_DANH2` (`MAGV`);

--
-- Chỉ mục cho bảng `dang_ky_thuc_hien_quy_doi`
--
ALTER TABLE `dang_ky_thuc_hien_quy_doi`
  ADD PRIMARY KEY (`MADANHMUC`,`MAGV`,`MANAMHOC`),
  ADD KEY `FK_DANG_KY_THUC_HIEN_QUY_DOI2` (`MAGV`),
  ADD KEY `FK_DANG_KY_THUC_HIEN_QUY_DOI3` (`MANAMHOC`);

--
-- Chỉ mục cho bảng `danhmucquydoispkhcn`
--
ALTER TABLE `danhmucquydoispkhcn`
  ADD PRIMARY KEY (`MADANHMUC`);

--
-- Chỉ mục cho bảng `giangvien`
--
ALTER TABLE `giangvien`
  ADD PRIMARY KEY (`MAGV`),
  ADD KEY `FK_THUOC_BO_MON` (`MABOMON`);

--
-- Chỉ mục cho bảng `giu_chuc_vu`
--
ALTER TABLE `giu_chuc_vu`
  ADD PRIMARY KEY (`MAGV`,`MACHUCVU`),
  ADD KEY `FK_GIU_CHUC_VU2` (`MACHUCVU`);

--
-- Chỉ mục cho bảng `hinhthucdanhgia`
--
ALTER TABLE `hinhthucdanhgia`
  ADD PRIMARY KEY (`MADANHGIAKETTHUC`);

--
-- Chỉ mục cho bảng `hockynienkhoa`
--
ALTER TABLE `hockynienkhoa`
  ADD PRIMARY KEY (`MAHKNK`);

--
-- Chỉ mục cho bảng `khoa`
--
ALTER TABLE `khoa`
  ADD PRIMARY KEY (`MAKHOA`);

--
-- Chỉ mục cho bảng `khunggiochuan`
--
ALTER TABLE `khunggiochuan`
  ADD PRIMARY KEY (`MAKHUNG`),
  ADD KEY `FK_CO_KHUNG_GIO_CHUAN` (`MACHUCDANH`);

--
-- Chỉ mục cho bảng `lop`
--
ALTER TABLE `lop`
  ADD PRIMARY KEY (`MALOP`),
  ADD KEY `FK_HOC` (`MACHUONGTRINH`);

--
-- Chỉ mục cho bảng `monhoc`
--
ALTER TABLE `monhoc`
  ADD PRIMARY KEY (`MAMONHOC`);

--
-- Chỉ mục cho bảng `namhoc`
--
ALTER TABLE `namhoc`
  ADD PRIMARY KEY (`MANAMHOC`);

--
-- Chỉ mục cho bảng `taikhoan`
--
ALTER TABLE `taikhoan`
  ADD PRIMARY KEY (`TENDANGNHAP`),
  ADD KEY `FK_TAI_KHOAN_CUA_GIANG_VIEN` (`MAGV`);

--
-- Chỉ mục cho bảng `thuoc`
--
ALTER TABLE `thuoc`
  ADD PRIMARY KEY (`MACHUONGTRINH`,`MAMONHOC`),
  ADD KEY `FK_THUOC2` (`MAMONHOC`);

--
-- Các ràng buộc cho các bảng đã đổ
--

--
-- Các ràng buộc cho bảng `bangphancong`
--
ALTER TABLE `bangphancong`
  ADD CONSTRAINT `FK__UOC_PHAN_CONG` FOREIGN KEY (`MAGV`) REFERENCES `giangvien` (`MAGV`);

--
-- Các ràng buộc cho bảng `bao_cao_ket_thuc_mon`
--
ALTER TABLE `bao_cao_ket_thuc_mon`
  ADD CONSTRAINT `FK_BAO_CAO_KET_THUC_MON` FOREIGN KEY (`MADANHGIAKETTHUC`) REFERENCES `hinhthucdanhgia` (`MADANHGIAKETTHUC`),
  ADD CONSTRAINT `FK_BAO_CAO_KET_THUC_MON2` FOREIGN KEY (`MACHITIETPHANCONG`) REFERENCES `chitietphancong` (`MACHITIETPHANCONG`);

--
-- Các ràng buộc cho bảng `bomon`
--
ALTER TABLE `bomon`
  ADD CONSTRAINT `FK_THUOC_KHOA` FOREIGN KEY (`MAKHOA`) REFERENCES `khoa` (`MAKHOA`);

--
-- Các ràng buộc cho bảng `chitietphancong`
--
ALTER TABLE `chitietphancong`
  ADD CONSTRAINT `FK_CO` FOREIGN KEY (`MAPHANCONG`) REFERENCES `bangphancong` (`MAPHANCONG`),
  ADD CONSTRAINT `FK_PHAN_CONG_DAY` FOREIGN KEY (`MALOP`) REFERENCES `lop` (`MALOP`),
  ADD CONSTRAINT `FK_PHAN_CONG_HOC_KY_NIEN_KHOA` FOREIGN KEY (`MAHKNK`) REFERENCES `hockynienkhoa` (`MAHKNK`),
  ADD CONSTRAINT `FK_PHAN_CONG_MON_HOC` FOREIGN KEY (`MAMONHOC`) REFERENCES `monhoc` (`MAMONHOC`);

--
-- Các ràng buộc cho bảng `chon_khung`
--
ALTER TABLE `chon_khung`
  ADD CONSTRAINT `FK_CHON_KHUNG` FOREIGN KEY (`MAGV`) REFERENCES `giangvien` (`MAGV`),
  ADD CONSTRAINT `FK_CHON_KHUNG2` FOREIGN KEY (`MANAMHOC`) REFERENCES `namhoc` (`MANAMHOC`),
  ADD CONSTRAINT `FK_CHON_KHUNG3` FOREIGN KEY (`MAKHUNG`) REFERENCES `khunggiochuan` (`MAKHUNG`);

--
-- Các ràng buộc cho bảng `chuongtrinhdaotao`
--
ALTER TABLE `chuongtrinhdaotao`
  ADD CONSTRAINT `FK_THUOC_CHUONG_TRINH__AO_TAO` FOREIGN KEY (`MABOMON`) REFERENCES `bomon` (`MABOMON`);

--
-- Các ràng buộc cho bảng `co_chuc_danh`
--
ALTER TABLE `co_chuc_danh`
  ADD CONSTRAINT `FK_CO_CHUC_DANH` FOREIGN KEY (`MACHUCDANH`) REFERENCES `chucdanh` (`MACHUCDANH`),
  ADD CONSTRAINT `FK_CO_CHUC_DANH2` FOREIGN KEY (`MAGV`) REFERENCES `giangvien` (`MAGV`);

--
-- Các ràng buộc cho bảng `dang_ky_thuc_hien_quy_doi`
--
ALTER TABLE `dang_ky_thuc_hien_quy_doi`
  ADD CONSTRAINT `FK_DANG_KY_THUC_HIEN_QUY_DOI` FOREIGN KEY (`MADANHMUC`) REFERENCES `danhmucquydoispkhcn` (`MADANHMUC`),
  ADD CONSTRAINT `FK_DANG_KY_THUC_HIEN_QUY_DOI2` FOREIGN KEY (`MAGV`) REFERENCES `giangvien` (`MAGV`),
  ADD CONSTRAINT `FK_DANG_KY_THUC_HIEN_QUY_DOI3` FOREIGN KEY (`MANAMHOC`) REFERENCES `namhoc` (`MANAMHOC`);

--
-- Các ràng buộc cho bảng `giangvien`
--
ALTER TABLE `giangvien`
  ADD CONSTRAINT `FK_THUOC_BO_MON` FOREIGN KEY (`MABOMON`) REFERENCES `bomon` (`MABOMON`);

--
-- Các ràng buộc cho bảng `giu_chuc_vu`
--
ALTER TABLE `giu_chuc_vu`
  ADD CONSTRAINT `FK_GIU_CHUC_VU` FOREIGN KEY (`MAGV`) REFERENCES `giangvien` (`MAGV`),
  ADD CONSTRAINT `FK_GIU_CHUC_VU2` FOREIGN KEY (`MACHUCVU`) REFERENCES `chucvu` (`MACHUCVU`);

--
-- Các ràng buộc cho bảng `khunggiochuan`
--
ALTER TABLE `khunggiochuan`
  ADD CONSTRAINT `FK_CO_KHUNG_GIO_CHUAN` FOREIGN KEY (`MACHUCDANH`) REFERENCES `chucdanh` (`MACHUCDANH`);

--
-- Các ràng buộc cho bảng `lop`
--
ALTER TABLE `lop`
  ADD CONSTRAINT `FK_HOC` FOREIGN KEY (`MACHUONGTRINH`) REFERENCES `chuongtrinhdaotao` (`MACHUONGTRINH`);

--
-- Các ràng buộc cho bảng `taikhoan`
--
ALTER TABLE `taikhoan`
  ADD CONSTRAINT `FK_TAI_KHOAN_CUA_GIANG_VIEN` FOREIGN KEY (`MAGV`) REFERENCES `giangvien` (`MAGV`);

--
-- Các ràng buộc cho bảng `thuoc`
--
ALTER TABLE `thuoc`
  ADD CONSTRAINT `FK_THUOC` FOREIGN KEY (`MACHUONGTRINH`) REFERENCES `chuongtrinhdaotao` (`MACHUONGTRINH`),
  ADD CONSTRAINT `FK_THUOC2` FOREIGN KEY (`MAMONHOC`) REFERENCES `monhoc` (`MAMONHOC`);
COMMIT;

/*!40101 SET CHARACTER_SET_CLIENT=@OLD_CHARACTER_SET_CLIENT */;
/*!40101 SET CHARACTER_SET_RESULTS=@OLD_CHARACTER_SET_RESULTS */;
/*!40101 SET COLLATION_CONNECTION=@OLD_COLLATION_CONNECTION */;
